Time[min];Temperature[°C];Power[W]
0.01;0.0;0.0
0.18;35.569;694.6423076923074
0.35;21.2;315.52307692307886
0.51;21.1;43.13461538461763
0.68;36.969;22.296153846151782
