Time[min];Temperature[°C];Power[W]
0.01;NaN;NaN
0.1;NaN;602.653846153846
0.18;NaN;605.2692307692305
0.26;NaN;605.2692307692305
0.35;49.1;0
