Time[min];Temperature[°C];Power[W]
0.01;NaN;NaN
0.1;NaN;834.6153846153843
0.18;NaN;840.3846153846152
0.26;48.4;0
0.35;48.4;0
0.43;48.6;0
