Time[min];Temperature[°C];Power[W]
0.01;NaN;NaN
0.1;NaN;612.4615384615383
0.18;NaN;615.0769230769229
0.26;NaN;615.0769230769229
0.35;50.6;615.0769230769229
