Time[min];Temperature[°C];Power[W]
0.01;NaN;NaN
0.1;NaN;603.3076923076922
0.18;NaN;605.9230769230767
